City_ID,City,Lat,Lng,Max Temp,Humidity,Cloudiness,Wind Speed,Country,Date
0,punta arenas,-76.6652,-105.4287,-13.22,91,100,8.52,Unknown,1675898168
1,ribeira grande,33.3056,-38.509,17.75,70,91,4.72,Unknown,1675898170
2,wajima,37.4276,136.6942,2.4,55,99,5.72,JP,1675898171
3,atar,19.0246,-13.6774,23.85,15,100,5.96,MR,1675898172
4,voljevac,43.8894,17.7138,-14.24,98,71,0.94,BA,1675898172
5,vaini,-30.7563,-170.2536,22.61,71,0,5.84,Unknown,1675898173
6,hasaki,26.8748,160.4235,23.09,86,1,7.47,Unknown,1675898174
7,atuona,-4.7692,-131.6708,25.12,79,74,8.74,Unknown,1675898174
8,butaritari,5.1404,163.9477,27.59,82,99,7.47,FM,1675898174
9,tuktoyaktuk,82.7239,-135.6643,-23.03,95,47,6.52,Unknown,1675898175
10,zhenjiang,31.8792,119.3192,6.88,83,100,5.55,CN,1675898176
11,flinders,-38.2774,129.1671,16.49,92,34,6.91,Unknown,1675898176
12,belushya guba,70.241,52.2003,0.81,84,100,10.24,Unknown,1675898177
13,rikitea,-81.5348,-137.2543,-17.18,84,14,2.6,Unknown,1675898177
14,mys shmidta,79.9253,-178.2632,-29.86,99,57,3.67,Unknown,1675898178
15,kapaa,32.6219,-162.1843,13.89,60,40,5.37,Unknown,1675898178
16,eureka,41.9686,-127.5689,9.75,76,67,5.23,Unknown,1675898179
17,nanortalik,49.0486,-40.7458,13.25,95,100,16.73,Unknown,1675898179
18,ushuaia,-84.5572,-73.2695,-15.88,97,100,2.33,Unknown,1675898180
19,kavaratti,9.7445,68.8597,25.58,69,25,1.58,Unknown,1675898182
20,kurilsk,45.4486,146.6265,-6.44,63,100,9.42,RU,1675898182
21,bluff,-76.5284,162.7572,-8.17,69,92,0.98,Unknown,1675898183
22,qaanaaq,84.7855,-74.5143,-24.81,96,100,9.41,Unknown,1675898184
23,bundaberg,-22.5146,153.9216,26.63,77,100,13.72,Unknown,1675898184
24,taolanaro,-60.8033,52.9616,0.62,97,100,16.87,Unknown,1675898186
25,bagdarin,54.5903,112.5076,-25.34,91,100,0.85,RU,1675898186
26,haines junction,61.0355,-139.1077,-15.33,82,36,4.38,CA,1675898187
27,san cristobal,0.3754,-86.3718,26.71,78,54,3.45,Unknown,1675898188
28,pauini,-7.3088,-66.3456,23.28,97,63,1.19,BR,1675898188
29,hermanus,-85.7792,5.8121,-37.4,98,81,3.22,Unknown,1675898189
30,mataura,-84.4485,-145.6673,-13.87,80,21,4.1,Unknown,1675898189
31,nikolskoye,47.7604,172.3754,0.0,54,100,6.54,Unknown,1675898189
32,sao sebastiao,-25.9022,-44.9709,25.27,65,0,5.74,Unknown,1675898190
33,saint-tite,46.6622,-72.6271,-0.85,69,92,1.54,CA,1675898191
34,iqaluit,59.2655,-68.8212,-19.94,98,100,6.78,CA,1675898192
35,dzhida,50.5608,106.0672,-29.56,100,96,0.89,RU,1675898192
36,pingdingshan,33.5783,113.2714,2.58,96,100,3.73,CN,1675898193
37,bambous virieux,-38.033,83.3696,17.35,79,64,11.22,Unknown,1675898194
38,coihaique,-49.021,-74.7009,8.14,90,100,3.79,Unknown,1675898195
39,cam ranh,11.3181,110.4058,25.84,84,92,6.45,Unknown,1675898195
40,fortuna,39.0581,-141.8758,11.72,80,100,15.48,Unknown,1675898195
41,uruzgan,32.7627,67.1904,2.77,99,80,1.2,AF,1675898196
42,east london,-37.8517,31.7039,18.55,65,100,5.76,Unknown,1675898197
43,kaitangata,-56.6977,172.5406,6.14,61,30,7.99,Unknown,1675898197
44,hithadhoo,2.128,73.5912,27.14,71,92,3.04,MV,1675898197
45,mitchell,43.0802,-99.2273,3.23,86,13,3.42,US,1675898198
46,suruc,36.4582,38.4819,-0.35,57,6,3.53,SY,1675898198
47,naze,23.2278,135.4683,22.15,67,84,8.16,Unknown,1675898198
48,chanthaburi,13.2076,102.1921,22.61,90,16,1.02,TH,1675898199
49,mount gambier,-40.0747,137.1941,15.07,78,18,6.99,Unknown,1675898199
50,port alfred,-88.6867,50.7944,-33.89,99,100,1.67,Unknown,1675898199
51,fort nelson,61.9641,-124.566,-12.09,84,99,2.99,CA,1675898200
52,esperance,-32.1234,125.9489,19.4,73,80,7.36,AU,1675898200
53,pahrump,37.4699,-115.6125,10.68,33,33,2.77,US,1675898200
54,norman wells,66.399,-127.3728,-25.33,97,93,0.94,CA,1675898201
55,ayorou,15.52,1.6635,25.48,12,42,5.08,ML,1675898201
56,clyde river,70.7768,-68.6232,-33.87,97,89,2.28,CA,1675898201
57,martapura,-4.777,116.3373,27.12,79,97,3.96,Unknown,1675898202
58,bethel,54.0773,-159.4132,2.3,68,65,4.2,Unknown,1675898202
59,mae ramat,17.3389,98.1895,16.85,41,3,1.26,TH,1675898202
60,vanavara,60.0003,103.9904,-16.66,98,100,1.39,RU,1675898203
61,barrow,82.9419,-167.9217,-26.64,95,10,6.33,Unknown,1675898203
62,emirdag,39.1148,31.1261,-7.79,94,54,2.17,TR,1675898203
63,chokurdakh,80.6671,147.3363,-31.7,100,30,2.28,Unknown,1675898204
64,puerto ayora,-11.7855,-94.9317,24.23,73,64,5.58,Unknown,1675898204
65,busselton,-38.0137,107.5465,15.06,81,99,5.57,Unknown,1675898204
66,kodiak,50.8569,-146.4802,3.87,97,100,17.87,Unknown,1675898205
67,dikson,85.1688,79.0608,-25.75,93,39,11.19,Unknown,1675898205
68,mersing,3.2556,105.7284,25.74,85,50,4.32,Unknown,1675898205
69,ostrovnoy,76.5042,39.7109,0.74,98,100,3.99,Unknown,1675898206
70,hilo,5.4016,-153.5625,25.85,81,6,7.91,Unknown,1675898206
71,kununurra,-14.8932,125.3368,28.39,79,65,6.03,Unknown,1675898206
72,pathein,16.6408,93.6833,24.95,61,51,7.16,MM,1675898206
73,srednekolymsk,67.6096,152.3111,-32.63,98,100,2.45,RU,1675898207
74,nouadhibou,20.4132,-21.0228,18.58,67,45,8.29,Unknown,1675898207
75,illoqqortoormiut,78.6124,-24.9808,-22.13,69,100,13.71,Unknown,1675898207
76,sao filipe,3.1171,-26.6406,26.48,79,98,6.72,Unknown,1675898208
77,albany,-42.1508,119.444,14.25,87,48,4.53,Unknown,1675898208
78,linxia,35.5803,102.7988,-12.61,64,20,3.17,CN,1675898208
79,college,67.9005,-152.2211,-19.48,94,96,0.79,US,1675898209
80,port hardy,48.186,-129.9631,7.92,90,100,18.07,Unknown,1675898209
81,yellowknife,63.7899,-115.86,-20.99,96,11,1.61,CA,1675898209
82,kedrovyy,58.2946,79.7546,-25.68,100,100,1.84,RU,1675898210
83,kidal,18.8191,0.7912,24.75,14,23,5.56,ML,1675898210
84,carutapera,0.1529,-45.4375,26.43,83,100,6.68,Unknown,1675898210
85,kyra,50.1574,111.2025,-22.91,96,66,1.77,RU,1675898210
86,tombouctou,17.5666,-3.8053,22.86,16,2,5.88,ML,1675898211
87,ixtapa,2.4021,-109.7,25.21,82,70,5.45,Unknown,1675898211
88,bengkulu,-10.6054,92.8225,27.29,75,21,7.16,Unknown,1675898211
89,tanda,8.4856,-3.5146,23.81,79,100,2.1,CI,1675898212
90,batagay,68.0459,136.0604,-45.06,94,64,0.77,RU,1675898212
91,yarega,63.2375,53.6522,-4.14,92,100,5.07,RU,1675898212
92,sinjar,35.5166,41.7068,3.54,67,2,3.71,IQ,1675898213
93,maykop,44.7379,40.1119,-8.94,91,66,5.04,RU,1675898213
94,sao joao da barra,-33.2835,-25.5443,21.38,86,100,2.58,Unknown,1675898213
95,lasa,36.4054,90.4915,-18.18,19,35,2.67,Unknown,1675898214
96,gizo,-7.3996,156.6722,28.49,75,95,4.6,SB,1675898214
97,faanui,-13.3978,-155.6745,27.61,74,2,6.43,Unknown,1675898214
98,cidreira,-46.4616,-30.6873,9.41,68,94,10.21,Unknown,1675898214
99,dingle,50.6542,-22.2847,7.38,66,70,6.45,Unknown,1675898215
100,lebu,-32.1413,-91.0231,22.39,64,100,3.26,Unknown,1675898215
101,maple creek,50.595,-109.6658,-1.49,87,100,5.26,CA,1675898215
102,sorvag,60.5151,-10.7323,4.02,62,100,19.2,Unknown,1675898216
103,kavieng,11.1601,158.1838,26.6,81,100,9.68,Unknown,1675898216
104,ust-kuyga,70.7795,134.5576,-45.7,98,82,1.58,RU,1675898216
105,dumas,36.3207,-101.9024,11.67,33,1,4.19,US,1675898217
106,hobart,-81.3714,142.5206,-31.06,97,34,4.41,Unknown,1675898217
107,husavik,70.5655,-15.846,-8.55,70,100,10.78,Unknown,1675898217
108,upernavik,76.6947,-50.4628,-33.64,99,100,2.29,Unknown,1675898218
109,banda aceh,4.0568,89.873,27.68,78,93,6.59,Unknown,1675898218
110,oktyabrskoye,62.3744,66.0886,-12.86,98,47,3.01,RU,1675898219
111,minbu,20.0941,94.5774,17.15,56,27,1.22,MM,1675898219
112,itoman,21.1465,129.9148,22.58,72,61,7.82,Unknown,1675898220
113,brae,63.2218,-0.0198,4.19,65,99,16.29,Unknown,1675898221
114,torbay,44.6397,-50.5569,2.13,87,100,15.05,Unknown,1675898221
115,fairview,57.3925,-118.6042,-1.25,76,68,4.58,CA,1675898222
116,pedreiras,-4.7448,-44.5873,23.33,95,100,1.36,BR,1675898223
117,vaitupu,0.6111,-175.3186,26.32,85,20,8.46,Unknown,1675898224
118,yunhe,34.5507,118.0185,2.77,88,100,5.22,CN,1675898225
119,mar del plata,-64.16,-26.6418,-0.23,89,100,13.83,Unknown,1675898226
120,amderma,76.8534,60.5279,-6.18,76,100,8.79,Unknown,1675898226
121,thompson,61.1485,-95.5162,-24.26,99,99,2.5,CA,1675898227
122,katsuura,19.955,153.5304,25.71,78,20,6.85,Unknown,1675898227
123,khargapur,24.7718,79.1234,13.59,39,1,1.3,IN,1675898228
124,new norfolk,-58.7328,136.0103,2.41,76,75,9.86,Unknown,1675898230
125,khomutovo,52.8079,37.4961,-8.37,95,73,3.47,RU,1675898231
126,petropavlovsk-kamchatskiy,52.2264,158.2619,-14.41,80,52,2.6,RU,1675898232
127,vila velha,-25.7784,-29.7949,26.28,68,1,2.58,Unknown,1675898233
128,mulege,26.1114,-113.1042,17.94,53,0,4.77,MX,1675898233
129,avarua,-46.1425,-167.0091,16.58,94,70,7.37,Unknown,1675898234
130,bambanglipuro,-16.7523,108.8486,26.68,79,100,11.54,Unknown,1675898235
131,saskylakh,89.8485,119.0744,-21.7,93,100,11.07,Unknown,1675898236
132,namibe,-19.4093,4.3608,22.35,71,85,6.33,Unknown,1675898237
133,ust-tsilma,66.3675,52.0703,-4.27,81,100,6.9,RU,1675898237
134,rio brilhante,-22.2352,-54.0716,26.01,69,82,2.56,BR,1675898237
135,port hedland,-25.3699,121.0303,30.09,16,6,3.7,AU,1675898238
136,palabuhanratu,-8.2332,105.0704,26.72,81,100,7.82,Unknown,1675898238
137,caravelas,-24.863,-24.9479,25.88,71,0,3.89,Unknown,1675898239
138,jamestown,-27.5778,-21.6834,25.52,70,0,4.31,Unknown,1675898240
139,port elizabeth,-82.5543,31.0182,-37.65,99,76,4.49,Unknown,1675898241
140,tateyama,31.9847,141.0044,14.81,58,5,6.38,Unknown,1675898242
141,saint-augustin,58.2376,-62.2729,-12.47,95,100,8.86,Unknown,1675898242
142,bantogon,6.4316,123.5728,27.04,73,97,1.29,PH,1675898243
143,semey,50.0101,79.9102,-13.72,96,100,2.49,KZ,1675898246
144,ancud,-40.4478,-82.3695,16.89,91,47,6.49,Unknown,1675898247
145,mandla,22.4024,80.3941,13.97,37,10,1.46,IN,1675898247
146,senno,55.0892,29.6676,-5.4,96,99,2.31,BY,1675898251
147,georgetown,-0.9123,-14.3261,26.62,81,60,3.91,Unknown,1675898252
148,catamarca,-28.5117,-64.8671,34.94,24,41,4.02,AR,1675898252
149,carnarvon,-23.9407,114.5397,27.54,49,64,4.74,AU,1675898253
150,porto novo,13.6027,-34.4268,22.7,64,0,7.7,Unknown,1675898253
151,ust-karsk,52.5074,118.8182,-22.91,95,94,1.44,RU,1675898253
152,makat,49.0067,53.8094,-16.43,94,5,2.13,KZ,1675898254
153,conde,-12.0369,-37.0984,26.96,74,43,6.25,BR,1675898254
154,saint george,32.8525,-57.4954,18.36,62,54,7.04,Unknown,1675898254
155,rocha,-54.3244,-35.7183,2.13,91,100,2.76,GS,1675898255
156,bredasdorp,-40.7469,20.2822,17.3,69,100,7.0,Unknown,1675898255
157,lagoa,47.5089,-32.9957,13.25,88,100,13.44,Unknown,1675898256
158,roma,-25.7475,146.0466,24.83,53,100,5.96,AU,1675898256
159,srebrenica,44.0527,19.2028,-13.02,97,82,0.98,BA,1675898256
160,cayenne,9.0836,-46.5437,25.04,70,29,9.91,Unknown,1675898257
161,yumen,37.7554,94.4049,-10.11,46,35,3.25,CN,1675898257
162,pevek,85.8071,170.5827,-26.31,96,24,7.36,Unknown,1675898258
163,tasiilaq,67.417,-39.9136,-39.69,81,5,8.55,Unknown,1675898258
164,arraial do cabo,-48.0197,-26.8738,8.16,68,59,12.45,Unknown,1675898258
165,sokoni,-6.9041,40.5556,27.46,75,100,5.16,TZ,1675898259
166,bollnas,61.4919,15.8587,2.49,86,100,9.6,SE,1675898259
167,vecses,47.4192,19.3074,-1.26,80,0,0.0,HU,1675898259
168,pau dos ferros,-6.1632,-38.1156,26.66,41,79,1.06,BR,1675898260
169,vestmannaeyjar,59.0294,-17.8605,4.94,65,100,20.78,Unknown,1675898260
170,salalah,16.7184,54.3284,21.14,75,82,2.92,OM,1675898260
171,nome,66.3745,-166.065,-23.97,77,100,1.54,US,1675898261
172,marzuq,25.094,16.0993,16.75,21,99,3.82,LY,1675898261
173,harihar,14.4136,75.8204,21.81,49,94,2.35,IN,1675898261
174,mount isa,-24.0637,141.5813,28.88,44,24,6.41,Unknown,1675898261
175,cape town,-47.9947,9.2482,6.49,92,19,9.4,Unknown,1675898262
176,choucheng,29.618,119.833,5.15,97,100,0.99,CN,1675898262
177,micheweni,-4.491,41.1331,26.81,78,49,6.54,Unknown,1675898262
178,russell,-30.7541,178.2349,22.12,76,5,0.82,Unknown,1675898263
179,port lincoln,-47.2713,128.2029,11.55,88,100,7.42,Unknown,1675898263
180,tholen,51.5183,4.1137,1.7,58,100,1.54,NL,1675898263
181,byron bay,-29.0604,156.8204,23.21,67,4,7.8,Unknown,1675898264
182,gat,23.107,8.2534,15.31,20,74,3.7,Unknown,1675898264
183,tallmadge,41.0205,-81.379,7.0,67,100,2.17,US,1675898264
184,meulaboh,-5.7094,88.0543,27.02,82,100,9.61,Unknown,1675898265
185,jackson,42.3713,-110.5503,-9.34,88,91,9.49,US,1675898265
186,baykit,62.3775,96.1098,-19.08,99,100,0.93,RU,1675898265
187,gemena,3.3099,19.2153,23.62,26,17,0.57,CD,1675898266
188,kalakamati,-20.4084,27.0952,19.8,66,48,2.38,BW,1675898266
189,iwanai,43.7284,139.9057,-4.88,56,100,12.82,JP,1675898266
190,bjornevatn,69.2633,29.6978,0.03,78,99,12.77,RU,1675898267
191,attawapiskat,60.4554,-78.4339,-27.2,99,6,5.97,CA,1675898267
192,ketchikan,49.3225,-136.2433,9.44,91,100,14.01,Unknown,1675898267
193,bandar,1.9313,99.5152,21.25,94,100,1.06,ID,1675898268
194,guerrero negro,17.2032,-130.7147,22.05,76,94,9.4,Unknown,1675898268
195,komsomolskiy,71.0107,172.8866,-28.65,93,100,1.58,Unknown,1675898268
196,oussouye,11.2393,-19.872,22.84,71,9,5.81,Unknown,1675898269
197,phangnga,8.8778,96.6537,27.47,76,98,6.12,Unknown,1675898269
198,port macquarie,-32.5823,161.6498,21.6,63,0,4.33,Unknown,1675898269
199,hay river,65.0009,-119.7672,-19.73,95,72,1.06,Unknown,1675898270
200,edd,13.6555,42.0459,24.49,77,0,4.74,ER,1675898270
201,kandalaksha,67.2113,31.7867,-1.5,87,100,7.16,RU,1675898270
202,scottsburgh,-33.2571,35.6189,23.84,89,100,6.67,Unknown,1675898270
203,katherine,-14.0052,131.413,27.74,80,85,1.72,AU,1675898271
204,peleduy,59.7545,112.4446,-20.06,99,100,1.25,RU,1675898271
205,langarud,37.0961,50.166,4.8,91,100,3.42,IR,1675898271
206,oranjestad,15.0421,-69.738,25.64,79,0,11.19,Unknown,1675898272
207,cherskiy,89.0929,162.3243,-23.33,85,75,10.44,Unknown,1675898272
208,mizque,-17.6789,-65.2365,9.66,79,99,1.29,BO,1675898272
209,izhma,64.6546,53.8049,-3.84,83,99,5.03,RU,1675898273
210,angoram,-3.4019,144.8535,26.79,85,100,9.66,PG,1675898273
211,bushehr,28.4717,49.4416,16.9,53,100,10.89,SA,1675898273
212,kwaluseni,-26.5117,31.3431,20.02,99,100,1.89,SZ,1675898273
213,ilulissat,68.3131,-46.5747,-35.19,71,11,8.62,Unknown,1675898274
214,ruatoria,-36.1791,179.9264,19.52,68,1,10.03,Unknown,1675898274
215,kerteh,4.1116,106.5727,25.85,85,26,4.42,Unknown,1675898274
216,whitianga,-36.837,175.6125,19.67,53,27,5.52,NZ,1675898275
217,lushunkou,39.0024,121.1455,0.68,47,100,3.27,CN,1675898275
218,cloquet,46.5707,-92.6028,6.47,56,0,3.6,US,1675898275
219,cervo,46.6918,-8.3109,10.4,73,51,3.13,Unknown,1675898276
220,we,-20.4107,167.5328,27.73,83,99,11.4,NC,1675898276
221,barentsburg,83.4464,1.3711,-5.7,93,100,16.45,Unknown,1675898276
222,narsaq,89.753,-62.8739,-20.93,95,100,11.31,Unknown,1675898276
223,sitka,41.0673,-143.4075,10.62,80,100,17.26,Unknown,1675898277
224,ishigaki,22.1671,123.9072,22.96,75,100,7.19,Unknown,1675898277
225,pacific grove,27.2681,-134.7567,17.79,69,99,8.08,Unknown,1675898277
226,sommerda,51.2378,11.0725,-1.42,76,0,1.81,DE,1675898278
227,san patricio,0.5146,-114.7531,24.9,83,10,3.41,Unknown,1675898278
228,yenagoa,0.6291,3.4703,27.01,78,68,1.09,Unknown,1675898278
229,leningradskiy,78.9663,179.5256,-29.57,98,77,3.24,Unknown,1675898279
230,platteville,43.0077,-90.7415,7.34,46,0,0.0,US,1675898279
231,geraldton,-30.803,106.1927,20.13,79,1,5.22,Unknown,1675898279
232,bowen,-17.6269,152.2989,27.01,91,100,18.92,Unknown,1675898280
233,airai,10.2986,143.5209,27.86,75,92,8.91,Unknown,1675898280
234,omboue,-5.1024,3.4615,27.25,78,99,6.49,Unknown,1675898280
235,toora-khem,51.9256,96.9067,-17.43,97,100,1.63,RU,1675898281
236,agucadoura,41.1404,-10.1337,14.28,68,5,9.39,PT,1675898281
237,pauna,5.5939,-73.9172,10.29,87,66,0.94,CO,1675898281
238,tabuk,27.4494,37.4679,4.77,56,100,2.68,SA,1675898282
239,beswan,27.6664,77.7912,12.56,42,2,2.92,IN,1675898283
240,zhezkazgan,47.0445,65.9209,-16.63,89,39,4.76,KZ,1675898285
241,alofi,-19.1139,-170.189,30.38,79,98,5.01,NU,1675898286
242,chabahar,26.2062,59.4482,18.44,72,15,0.6,IR,1675898286
243,san quintin,25.9814,-119.3493,16.47,63,4,7.33,Unknown,1675898287
244,manacapuru,-2.5103,-61.2049,23.38,97,85,1.11,BR,1675898288
245,kafanchan,9.0807,8.4081,23.13,17,96,2.2,NG,1675898288
246,saint-joseph,-30.3983,56.0255,23.08,68,36,4.37,Unknown,1675898288
247,grand river south east,-26.3432,83.0995,22.81,78,97,10.32,Unknown,1675898289
248,tamboril,-4.6671,-40.0873,23.41,50,90,0.54,BR,1675898289
249,winona,43.8798,-91.6292,5.06,89,57,1.89,US,1675898290
250,aitape,0.0959,143.4091,27.04,81,100,5.88,Unknown,1675898290
251,ponta do sol,23.4694,-26.1651,20.12,61,97,6.79,Unknown,1675898291
252,camacha,37.9748,-18.2357,14.04,64,71,11.51,Unknown,1675898291
253,borogontsy,63.2131,131.7262,-48.23,100,100,0.99,RU,1675898291
254,karacakoy,41.3627,28.4527,5.51,72,100,9.23,TR,1675898291
255,cahors,44.6376,1.2992,2.71,88,56,1.52,FR,1675898292
256,sembakung,3.3897,115.9581,12.8,96,73,0.96,ID,1675898292
257,phalodi,26.7444,72.3851,19.0,21,3,4.22,IN,1675898293
258,chuy,-66.2638,-18.5941,-0.53,87,100,14.63,Unknown,1675898293
259,mnogovershinnyy,56.3671,140.9538,-27.75,100,100,3.1,Unknown,1675898294
260,shangzhi,44.6328,127.8002,-18.25,98,23,1.43,CN,1675898294
261,saint-philippe,-47.1028,64.8316,9.8,93,100,13.13,Unknown,1675898294
262,emba,49.023,58.4848,-22.95,96,6,2.0,KZ,1675898295
263,nizwa,23.6179,57.2045,22.1,57,1,0.31,OM,1675898295
264,gasa,28.4748,90.3592,-10.21,28,0,3.97,CN,1675898296
265,henties bay,-23.0388,6.7625,21.39,76,84,8.21,Unknown,1675898296
266,harper,-1.7952,-10.3941,26.87,78,71,4.06,Unknown,1675898297
267,roald,67.6972,3.9964,2.59,63,85,10.95,Unknown,1675898297
268,pleasant point,-43.919,171.151,12.32,47,17,2.32,NZ,1675898298
269,chagda,59.8181,130.4335,-36.95,100,100,0.8,RU,1675898298
270,broome,-18.1672,125.3155,28.43,70,9,4.99,AU,1675898298
271,nacozari,30.569,-109.8166,13.53,18,34,2.34,MX,1675898299
272,horsham,-37.1766,142.253,24.28,31,1,1.05,AU,1675898299
273,san miguel,-1.0153,-78.5968,15.75,81,75,7.2,EC,1675898300
274,ayagoz,48.6078,78.0508,-12.49,91,100,5.63,KZ,1675898300
275,codrington,26.6512,-46.342,21.9,66,9,4.45,Unknown,1675898301
276,yelanskiy,57.0836,62.5844,-9.41,92,100,4.05,RU,1675898301
277,viet tri,21.3519,105.2859,21.5,95,100,2.24,VN,1675898301
278,marsh harbour,30.4302,-74.1575,18.32,60,44,1.11,Unknown,1675898302
279,maues,-4.7795,-57.674,23.06,97,35,1.26,Unknown,1675898302
280,grindavik,59.0735,-23.2261,4.37,75,100,17.81,Unknown,1675898302
281,castro,-45.0157,-80.9983,12.9,72,55,10.08,Unknown,1675898303
282,kangaatsiaq,69.3337,-53.8471,-28.61,68,1,3.58,GL,1675898303
283,aklavik,76.2626,-141.0314,-34.69,100,25,1.7,Unknown,1675898304
284,mahebourg,-36.6833,72.4767,17.88,67,100,3.21,Unknown,1675898304
285,kieta,0.9583,160.3608,27.82,77,66,9.02,Unknown,1675898305
286,abalak,15.6387,6.4831,21.34,18,99,4.82,NE,1675898305
287,kirensk,58.5289,107.4558,-14.25,97,100,1.53,RU,1675898306
288,qui nhon,14.7957,111.9929,25.15,85,83,3.83,Unknown,1675898306
289,shimoda,26.3169,140.5664,19.19,61,75,6.32,Unknown,1675898306
290,okhotsk,57.371,145.5049,-24.75,99,100,4.69,Unknown,1675898307
291,luderitz,-27.5244,11.5829,20.64,81,0,10.31,Unknown,1675898307
292,tiksi,73.6242,129.6058,-33.29,99,100,1.79,Unknown,1675898308
293,balabac,8.8051,113.5009,26.19,84,79,6.62,Unknown,1675898308
294,sentyabrskiy,40.1267,152.0273,3.19,63,100,13.33,Unknown,1675898308
295,pisco,-14.6275,-78.8716,24.51,79,11,7.19,Unknown,1675898309
296,naryan-mar,68.4579,49.7048,-1.37,81,100,13.17,RU,1675898309
297,saint pete beach,27.2702,-83.7821,21.99,72,18,2.7,US,1675898309
298,melito di porto salvo,37.89,16.0498,10.75,91,100,12.69,IT,1675898310
299,puerto escondido,9.8636,-100.3073,26.19,78,5,7.08,Unknown,1675898310
300,charlestown,16.1504,-63.6763,25.52,75,0,10.87,Unknown,1675898311
301,bardiyah,29.6536,25.5869,11.02,59,66,7.23,EG,1675898311
302,vardo,88.4984,36.1684,-21.92,94,100,11.84,Unknown,1675898312
303,karaul,69.1459,81.299,-17.47,94,100,8.16,Unknown,1675898312
304,rakitnoye,51.0175,35.9218,-11.58,96,56,2.38,RU,1675898312
305,itagi,-14.1258,-40.3653,21.69,63,83,3.97,BR,1675898313
306,buin,-8.556,154.1056,29.24,76,100,8.32,Unknown,1675898313
307,saint-georges,4.2393,-51.5615,24.26,91,87,3.92,GF,1675898314
308,lodwar,3.5654,35.9404,29.37,56,5,2.13,KE,1675898314
309,anshun,26.8971,106.1194,4.34,93,100,1.44,CN,1675898314
310,lumberton,34.5552,-78.4361,21.16,43,0,0.0,US,1675898315
311,lorengau,15.6445,150.7164,26.56,78,100,8.58,Unknown,1675898315
312,basco,20.1421,121.7036,24.73,76,100,10.14,PH,1675898316
313,vostok,52.5132,149.6439,-8.3,82,100,13.81,Unknown,1675898316
314,fairbanks,66.6189,-144.9644,-22.97,77,100,0.0,US,1675898316
315,gilbues,-9.1026,-45.3992,26.31,55,66,0.98,BR,1675898317
316,santiago del estero,-26.917,-63.7406,34.22,30,100,3.28,AR,1675898317
317,cuamba,-14.429,36.1894,19.83,96,99,0.79,MZ,1675898317
318,waingapu,-9.8239,120.6071,26.13,81,54,3.61,ID,1675898318
319,gubkinskiy,64.0996,76.3107,-15.43,93,100,8.14,RU,1675898318
320,coahuayana,0.5952,-112.1172,25.44,81,1,3.72,Unknown,1675898318
321,nioaque,-21.4781,-55.5743,21.13,95,99,2.67,BR,1675898319
322,eldorado,23.8039,-108.3487,18.56,63,0,11.07,MX,1675898319
323,nishihara,20.9767,134.0073,23.31,74,100,8.45,Unknown,1675898319
324,reyes,-12.8139,-67.6121,24.55,84,67,1.4,Unknown,1675898319
325,umzimvubu,-45.8378,41.5295,8.4,64,55,13.28,Unknown,1675898320
326,puerto leguizamo,0.1946,-74.4955,27.06,65,61,0.98,CO,1675898320
327,haizhou,34.8376,118.9728,3.1,79,100,4.13,CN,1675898320
328,talnakh,70.4957,89.9291,-26.89,92,85,1.58,RU,1675898321
329,san rafael,12.9528,122.8966,24.62,78,98,4.66,PH,1675898321
330,moose factory,52.1296,-81.2066,-19.86,93,24,2.0,CA,1675898321
331,gamba,-6.6781,4.3972,26.83,77,100,4.71,Unknown,1675898322
332,chumikan,53.9707,134.4155,-31.95,87,25,2.88,RU,1675898322
333,vao,-22.9936,169.2447,26.3,80,100,7.55,Unknown,1675898322
334,camargo,-20.0364,-64.766,5.61,87,94,1.92,BO,1675898323
335,churapcha,64.4502,132.9178,-40.03,100,99,0.18,RU,1675898323
336,pangai,-19.9954,-172.7394,27.31,77,93,3.14,Unknown,1675898323
337,nizhneyansk,73.4503,137.0307,-28.7,99,100,2.94,Unknown,1675898323
338,ler,8.2904,30.9226,25.61,16,19,4.11,SS,1675898324
339,landazuri,6.2386,-73.8493,26.92,74,79,0.68,CO,1675898324
340,sharan,32.0732,68.0093,3.19,88,88,6.84,AF,1675898324
341,coffs harbour,-30.4222,155.2514,22.78,70,3,5.11,Unknown,1675898325
342,verkh-tula,54.8515,82.7433,-25.22,84,40,0.0,RU,1675898325
343,negombo,7.4442,79.4257,25.71,82,86,8.53,LK,1675898325
344,dundwaraganj,27.7926,79.0789,12.49,46,0,3.71,IN,1675898326
345,vila franca do campo,45.5214,-20.4243,10.28,66,66,0.94,Unknown,1675898326
346,chifeng,43.7201,119.8888,-9.11,60,100,2.28,CN,1675898326
347,loudi,28.0146,112.2112,7.77,93,100,2.76,CN,1675898327
348,almaty,42.7929,76.4396,-8.57,56,100,2.31,KG,1675898327
349,santa fe,21.6301,-82.4767,26.1,72,13,7.71,CU,1675898327
350,khatanga,81.8199,103.2659,-30.36,95,62,7.94,Unknown,1675898327
351,athabasca,58.5392,-111.7797,-15.89,97,18,2.29,CA,1675898328
352,resende,-22.4948,-44.4218,19.88,97,43,1.1,BR,1675898328
353,monmouth,41.1012,-90.8976,6.23,59,100,2.95,US,1675898328
354,dourbali,11.6857,15.7339,23.39,16,88,4.8,TD,1675898329
355,aasiaat,70.1374,-54.0997,-30.27,68,0,2.86,GL,1675898329
356,kupang,-11.6153,123.0937,28.6,76,61,9.3,ID,1675898329
357,durant,34.0361,-96.3271,7.79,93,100,5.66,US,1675898330
358,liverpool,41.6952,-63.5242,6.99,78,100,11.43,Unknown,1675898330
359,cowra,-33.4416,148.6618,19.9,56,35,4.97,AU,1675898330
360,magadan,56.8896,150.0548,-9.08,72,100,9.07,Unknown,1675898330
361,seoul,38.3046,128.9274,1.43,54,88,2.13,KR,1675898331
362,souillac,-42.058,69.4982,14.52,80,91,6.83,Unknown,1675898331
363,takefu,35.9914,135.7454,6.12,54,100,9.37,JP,1675898331
364,huarmey,-15.1259,-87.609,23.84,69,0,4.54,Unknown,1675898332
365,provideniya,47.9125,-178.4665,1.89,48,100,2.61,Unknown,1675898332
366,laguna,-36.0321,-37.7383,19.98,58,1,3.84,Unknown,1675898332
367,viransehir,36.7666,39.8991,1.05,74,42,3.74,TR,1675898333
368,tsihombe,-34.8633,42.7291,22.41,95,36,7.24,Unknown,1675898333
369,olafsvik,62.0827,-28.9173,0.54,56,100,17.14,Unknown,1675898333
370,maun,-19.2423,23.8887,19.99,93,96,1.45,BW,1675898333
371,santa eulalia del rio,37.4323,1.4265,12.14,81,96,8.29,DZ,1675898334
372,petauke,-14.9525,31.568,17.83,97,67,1.94,ZM,1675898334
373,sikonge,-6.0114,32.9065,18.15,97,100,3.08,TZ,1675898334
374,la ronge,61.817,-106.2708,-26.96,100,86,1.55,Unknown,1675898335
375,jiazi,21.1764,117.0492,21.86,91,100,11.61,Unknown,1675898335
376,wittlich,50.2179,6.7635,-2.78,68,0,1.04,DE,1675898335
377,victoria,-5.1802,51.8664,27.32,74,59,6.31,Unknown,1675898336
378,mackenzie,56.8285,-122.9406,-5.35,73,5,3.94,CA,1675898336
379,hobyo,4.3789,47.8833,24.3,87,6,5.78,SO,1675898336
380,mehamn,84.1179,28.1305,-11.28,89,100,17.56,Unknown,1675898336
381,lucapa,-7.9714,20.8389,19.24,93,100,1.84,AO,1675898337
382,warri,3.3686,3.5769,27.92,72,86,3.55,Unknown,1675898337
383,poitiers,46.4372,0.036,-0.91,84,0,2.77,FR,1675898337
384,port pirie,-33.4238,139.1251,24.63,26,2,1.02,AU,1675898338
385,saraza,8.5479,117.7951,26.51,79,89,7.64,PH,1675898338
386,tilichiki,58.6363,168.6353,-3.13,63,100,13.18,Unknown,1675898339
387,jaumave,23.4692,-99.4885,16.78,76,37,2.64,MX,1675898339
388,anar darreh,32.2809,61.2787,11.97,62,1,1.05,AF,1675898339
389,namatanai,5.831,160.4635,27.42,84,100,7.56,FM,1675898339
390,iracoubo,4.7769,-53.4598,22.02,99,93,1.3,GF,1675898341
391,alta floresta,-10.2896,-57.5833,22.6,97,64,0.33,BR,1675898341
392,quatre cocos,-17.3066,64.0985,26.64,73,4,7.06,Unknown,1675898342
393,tuxpan,21.9315,-105.2474,28.31,31,5,4.25,MX,1675898342
394,merauke,-8.4772,140.2269,26.44,88,100,7.34,ID,1675898343
395,kazalinsk,45.7398,61.3438,-13.51,90,6,7.93,KZ,1675898343
396,kargil,35.3818,76.9187,-24.85,100,100,3.0,IN,1675898344
397,quepos,9.2175,-84.2036,27.92,70,8,2.45,CR,1675898344
398,mitzic,0.3471,11.3024,23.41,83,20,1.21,GA,1675898345
399,pangnirtung,63.0133,-63.7234,-23.57,99,100,17.5,Unknown,1675898346
400,makakilo city,5.4185,-164.9085,26.34,80,80,9.29,Unknown,1675898346
401,mecca,20.2633,40.1297,23.43,56,8,2.65,SA,1675898346
402,ahipara,-31.1772,168.5313,21.43,67,0,3.14,Unknown,1675898347
403,salto,-30.9691,-57.8349,33.11,23,49,1.7,AR,1675898347
404,hutchinson,37.7245,-98.0594,7.51,38,100,3.59,US,1675898347
405,karakendzha,38.7794,71.3912,-18.05,94,100,2.96,TJ,1675898348
406,havre-saint-pierre,50.0739,-61.3454,-5.95,79,100,7.32,CA,1675898348
407,karauzyak,44.9865,59.7232,-3.1,81,100,12.62,UZ,1675898349
408,la rioja,-30.1136,-67.0016,35.57,24,0,6.07,AR,1675898349
409,hambantota,4.7924,83.3866,27.56,76,100,5.81,Unknown,1675898350
410,kahului,35.3632,-149.723,12.87,64,49,11.81,Unknown,1675898350
411,mormugao,13.6404,71.0811,25.93,73,96,4.47,Unknown,1675898351
412,ajdabiya,30.0927,20.0122,12.23,45,75,8.56,LY,1675898351
413,kizukuri,40.8539,139.9696,-1.88,60,100,13.33,JP,1675898352
414,vestmanna,68.1923,-8.4681,-1.27,54,55,7.51,Unknown,1675898353
415,tymovskoye,50.2892,142.3777,-29.72,93,14,0.63,RU,1675898353
416,hede,34.0538,121.4532,6.04,73,100,6.53,CN,1675898354
417,bac lieu,6.7841,108.6908,25.85,86,34,6.11,Unknown,1675898354
418,cockburn harbour,23.2215,-72.4326,23.94,77,88,10.72,Unknown,1675898355
419,manta,0.3319,-82.7027,27.1,73,95,2.44,Unknown,1675898356
420,tumannyy,68.9445,37.1513,3.04,68,100,17.45,RU,1675898356
421,novikovo,45.3706,143.8081,-13.08,90,100,7.85,JP,1675898357
422,marmande,44.4403,0.1919,4.81,83,75,2.45,FR,1675898357
423,adrar,25.8174,2.8779,15.58,24,64,3.72,Unknown,1675898358
424,ndele,9.2397,20.537,23.98,14,15,3.17,CF,1675898358
425,sambava,-12.2127,51.4551,27.6,79,32,7.13,Unknown,1675898359
426,hamilton,31.2209,-71.236,17.98,61,42,2.05,Unknown,1675898360
427,along,29.5765,93.946,-21.41,98,84,0.41,CN,1675898360
428,cabo san lucas,8.1753,-122.7671,25.51,83,23,8.35,Unknown,1675898361
429,zachepylivka,49.2152,35.0647,-8.83,91,5,2.36,UA,1675898362
430,ballina,-29.9711,158.5812,22.39,67,0,6.24,Unknown,1675898362
431,sur,16.9649,63.2552,22.91,69,99,3.29,Unknown,1675898363
432,makung,22.811,119.3639,19.67,91,100,11.27,TW,1675898363
433,grass valley,39.6824,-120.9584,10.42,86,52,1.35,US,1675898364
434,lata,-7.2801,167.6205,28.41,76,85,7.67,Unknown,1675898365
435,port moresby,-9.8849,145.9245,27.61,82,100,10.12,PG,1675898366
436,punta alta,-40.3652,-61.073,19.47,81,1,4.06,Unknown,1675898366
437,winslow,35.7236,-110.5129,5.13,46,5,2.14,US,1675898367
438,bafoulabe,14.3103,-10.0686,27.7,13,0,4.79,ML,1675898368
439,sompeta,18.734,84.803,23.62,78,51,4.66,IN,1675898369
440,basudebpur,21.0314,86.8876,20.32,91,74,2.45,IN,1675898370
441,kamenskoye,63.042,165.7434,-37.31,95,27,0.92,Unknown,1675898371
442,whitehorse,60.5622,-135.4729,-5.09,92,28,2.11,CA,1675898372
443,yar-sale,69.5467,69.7674,-17.28,100,92,3.24,Unknown,1675898373
444,ayer itam,4.8775,99.4304,27.45,76,100,2.19,MY,1675898373
445,samusu,1.0624,-160.1029,24.99,84,2,8.87,Unknown,1675898374
446,werda,-25.3008,23.5157,20.26,75,41,6.84,BW,1675898374
447,cadillac,44.0754,-86.064,3.83,89,97,1.15,US,1675898375
448,kebemer,15.5033,-16.8138,20.17,68,93,7.87,SN,1675898375
449,pasighat,32.6344,96.2947,-9.74,32,98,1.58,CN,1675898376
450,santa rosa,-36.2678,-65.3915,32.36,31,0,0.91,AR,1675898376
451,biloela,-25.0059,150.2957,25.22,50,43,8.75,AU,1675898377
452,alice springs,-23.8572,133.2069,28.61,28,10,4.36,AU,1675898377
453,valparaiso,-30.8311,-79.9649,19.94,81,0,6.02,Unknown,1675898377
454,bubaque,7.2726,-21.6749,25.3,68,43,4.47,Unknown,1675898378
455,calera,-32.6933,-71.1946,20.03,51,0,2.57,CL,1675898378
456,de-kastri,51.2945,139.6599,-30.03,98,98,1.18,RU,1675898378
457,khuzhir,53.9984,107.1622,-23.4,100,78,1.03,RU,1675898379
458,kunming,25.944,102.621,-0.03,61,0,0.71,CN,1675898379
459,elizabeth city,33.839,-71.8981,18.59,82,100,4.27,Unknown,1675898379
460,hovd,45.2277,103.5753,-12.88,83,16,2.31,MN,1675898379
461,chahal,15.6737,-89.5721,22.15,87,32,1.5,GT,1675898380
462,virginia beach,36.3708,-73.2712,14.62,74,74,5.04,Unknown,1675898380
463,guna,25.0187,77.1464,14.7,38,2,0.12,IN,1675898380
464,shinpokh,34.2231,71.331,7.2,31,82,2.1,PK,1675898381
465,saint-francois,19.588,-54.6823,24.3,73,2,8.61,Unknown,1675898381
466,rock sound,23.9559,-76.709,24.44,76,81,10.37,BS,1675898381
467,solovetskiy,65.0742,35.7277,-1.03,91,97,11.64,RU,1675898382
468,chapais,54.1374,-75.9553,-22.71,93,80,4.64,Unknown,1675898382
469,port keats,-13.5936,129.0869,29.65,77,97,10.32,AU,1675898382
470,victor harbor,-37.6959,137.4193,16.55,85,1,7.01,Unknown,1675898383
471,maniitsoq,62.5554,-58.0073,-9.18,91,100,4.7,Unknown,1675898383
472,bonthe,2.9918,-15.9614,27.46,71,82,1.04,Unknown,1675898383
473,goure,14.5294,10.5214,19.27,19,12,5.35,NE,1675898384
474,port-de-paix,21.4399,-73.0556,25.13,80,0,10.31,BS,1675898384
475,asfi,34.2388,-10.4096,15.26,61,70,4.48,Unknown,1675898384
476,iskateley,67.1513,54.5966,-6.47,85,98,9.25,RU,1675898385
477,manicore,-6.523,-61.5947,24.01,94,30,0.86,BR,1675898385
478,juneau,58.0226,-133.3077,-5.57,89,100,2.06,US,1675898385
479,severo-kurilsk,39.1725,162.4478,7.22,70,99,4.48,Unknown,1675898386
480,bayji,35.1943,43.8383,4.8,82,62,1.54,IQ,1675898386
481,tiznit,26.6049,-10.7783,14.4,45,0,3.26,EH,1675898386
482,batagay-alyta,68.1666,130.8914,-44.5,100,63,0.92,RU,1675898387
483,ruteng,-8.7439,119.9868,20.95,90,86,1.6,ID,1675898387
484,macklin,51.9546,-109.9853,-4.12,68,93,3.09,CA,1675898387
485,general pico,-35.1745,-62.7915,32.57,25,0,0.76,AR,1675898388
486,coruripe,-13.9603,-32.2762,26.58,78,56,5.47,Unknown,1675898388
487,adrian,41.8334,-84.3158,4.73,81,100,2.4,US,1675898388
488,log,49.6952,43.8642,-14.15,94,22,3.0,RU,1675898389
489,shkotovo-22,42.5453,132.045,-5.84,61,0,6.36,RU,1675898389
490,berlevag,73.6428,30.4525,3.34,97,100,15.19,Unknown,1675898389
491,udachnyy,67.7528,116.0411,-43.35,100,99,1.05,Unknown,1675898390
492,am timan,11.639,21.487,21.49,12,17,3.11,TD,1675898390
493,mocambique,-15.1327,42.5956,27.86,75,96,5.5,Unknown,1675898390
494,bathsheba,18.5588,-50.1749,24.16,70,17,8.52,Unknown,1675898390
495,tornabe,15.7078,-87.5752,28.96,74,13,2.64,HN,1675898391
496,klaksvik,62.0682,-5.402,3.18,74,93,17.14,FO,1675898391
497,turukhansk,65.3464,89.2803,-22.52,100,100,1.52,RU,1675898391
498,san policarpo,12.5834,126.0766,26.94,78,95,9.22,PH,1675898392
499,coquimbo,-29.5057,-74.1611,18.99,85,32,6.8,Unknown,1675898392
500,sakaiminato,37.9183,133.5871,3.86,50,100,5.21,Unknown,1675898392
501,zhenlai,45.6441,123.468,-17.26,89,16,1.62,CN,1675898393
502,yerbogachen,62.8022,108.416,-28.63,98,100,1.53,Unknown,1675898393
503,sola,-14.1897,175.0032,28.51,75,65,4.49,Unknown,1675898393
504,poso,-1.1558,120.42,23.11,89,100,1.63,ID,1675898394
505,north bend,43.8641,-129.8277,10.04,91,100,11.47,Unknown,1675898394
506,agadez,17.9088,9.3657,18.19,22,34,0.73,Unknown,1675898394
507,la palma,4.3169,-81.8874,26.68,83,64,3.83,Unknown,1675898394
508,kruisfontein,-56.6677,27.3047,0.06,96,84,10.2,Unknown,1675898395
509,visnes,58.985,3.2304,4.67,94,100,11.34,NO,1675898395
510,hami,39.9598,90.1356,-1.05,48,48,4.53,CN,1675898395
511,abrau-dyurso,43.5589,36.3913,2.31,76,100,11.68,Unknown,1675898396
512,mayo,62.6331,-134.7158,-7.96,95,99,0.44,CA,1675898396
513,ponta delgada,29.116,-28.8613,18.96,66,3,6.99,Unknown,1675898396
514,beidao,35.0972,105.5691,-5.86,90,18,0.53,CN,1675898397
515,constantine,35.2172,6.3724,1.69,83,53,2.26,DZ,1675898397
516,corn island,11.3134,-82.0842,26.34,77,3,7.24,CO,1675898397
517,esna,24.9881,32.0777,10.04,43,98,4.3,EG,1675898398
518,saint anthony,52.5891,-56.4965,-11.27,96,100,1.67,CA,1675898398
519,hofn,65.7839,-10.585,-0.83,49,71,9.37,Unknown,1675898398
520,sao felix do xingu,-7.5193,-52.8447,21.74,99,100,0.28,BR,1675898398
521,faya,21.7184,23.5583,12.04,24,27,4.74,Unknown,1675898399
522,contamana,-7.7631,-75.1094,29.56,55,90,1.98,PE,1675898399
523,banjar,-17.6861,104.611,24.96,78,99,8.15,Unknown,1675898399
524,key largo,24.852,-80.1076,23.52,72,23,8.87,US,1675898400
525,bodden town,16.5404,-80.4723,26.13,79,1,9.23,Unknown,1675898400
526,sinnamary,11.0125,-50.928,25.15,70,40,10.43,Unknown,1675898400
527,miyako,40.7508,143.2016,-0.25,62,100,16.59,JP,1675898401
528,lockport,43.2954,-78.7925,3.51,75,58,3.13,US,1675898402
529,kroya,-8.4583,108.995,26.76,83,100,10.74,ID,1675898404
530,lavrentiya,61.8971,-169.6032,-23.3,96,41,1.51,Unknown,1675898408
531,ambon,-2.235,126.3381,27.91,71,100,2.41,ID,1675898409
532,lafiagi,9.2388,4.7634,29.7,15,38,1.45,NG,1675898410
533,goderich,1.0843,-23.1966,27.33,72,26,2.48,Unknown,1675898411
534,khasan,40.6353,131.0428,-0.27,54,98,8.52,KP,1675898412
535,candelaria,28.2769,-16.3146,17.83,60,89,2.04,ES,1675898412
536,tual,-7.4295,132.0189,27.15,81,100,8.73,ID,1675898413
537,arshan,46.0849,44.3059,-12.76,97,60,4.16,RU,1675898413
538,tsumeb,-18.4587,18.525,18.38,92,54,0.7,NA,1675898414
539,concepcion del oro,24.3402,-101.681,16.76,21,91,5.04,MX,1675898415
540,havelock,34.2852,-75.8585,19.48,56,95,4.33,US,1675898415
541,khonuu,67.0651,144.1348,-36.95,92,86,1.7,Unknown,1675898416
542,bawku,11.268,-0.2281,29.22,14,47,3.96,GH,1675898416
543,bagnols-sur-ceze,44.0627,4.5892,1.33,60,1,0.37,FR,1675898417
544,mergui,12.9735,98.4528,25.91,67,4,1.98,MM,1675898417
545,bajo baudo,4.6713,-79.4921,26.46,88,76,6.66,Unknown,1675898418
546,sri aman,0.8556,112.0412,23.31,93,100,0.34,MY,1675898419
547,paamiut,56.5956,-51.2794,-0.23,68,92,10.5,Unknown,1675898419
548,xuddur,6.5177,43.5524,25.48,33,15,5.37,ET,1675898420
549,ghanzi,-21.745,21.5735,20.3,71,91,2.44,BW,1675898421
550,centralia,38.7371,-89.2764,7.53,93,100,3.73,US,1675898421
551,rio gallegos,-51.8673,-66.9879,13.55,78,100,11.15,Unknown,1675898422
552,yulara,-29.0454,125.9775,23.18,52,0,5.58,AU,1675898423
553,mantua,24.9648,-86.5547,25.36,73,72,8.71,Unknown,1675898423
554,minsk,53.9833,27.4808,-4.23,93,99,3.4,BY,1675898424
555,eau claire,44.5749,-91.2469,6.7,93,67,1.74,US,1675898424
556,san juan,21.9474,-66.1096,24.73,74,2,8.28,Unknown,1675898425
557,falmouth,49.2355,-5.0597,10.16,70,100,6.06,FR,1675898425
558,vallenar,-27.6566,-73.8527,19.53,80,73,5.66,Unknown,1675898426
559,norsup,-16.6321,165.2462,26.32,90,100,6.5,Unknown,1675898426
560,heihe,51.0975,125.9698,-28.49,100,90,2.62,CN,1675898427
561,malwan,16.0639,70.8551,26.34,64,85,6.07,Unknown,1675898427
562,zhuanghe,39.0355,123.8039,1.17,51,100,6.57,CN,1675898428
563,zhanakorgan,45.3918,67.8841,-6.69,89,99,6.26,KZ,1675898428
564,lichfield,52.7567,-1.7694,4.96,84,100,5.03,GB,1675898429
565,tabas,34.081,58.3116,3.71,62,12,2.42,IR,1675898429
566,pouembout,-23.2147,163.2485,26.02,82,100,7.89,Unknown,1675898430
567,inirida,4.3662,-65.7305,17.58,85,93,1.73,VE,1675898430
568,kodinsk,57.7396,99.2765,-19.75,100,93,1.69,RU,1675898431
569,black river,16.0579,-79.6402,25.89,81,0,10.01,Unknown,1675898431
570,touros,-2.7814,-35.1172,27.17,77,19,6.6,Unknown,1675898432
571,dingli,35.2166,13.6102,12.0,85,100,11.99,IT,1675898433
572,labuhan,-11.9881,99.7489,27.17,73,86,0.28,Unknown,1675898433
573,karratha,-22.0456,116.2431,28.6,63,42,2.41,AU,1675898434
574,lixourion,37.7426,19.9667,9.1,58,100,11.85,GR,1675898434
575,kilkenny,52.6131,-7.3364,6.86,89,100,2.68,IE,1675898435
576,tena,-1.3817,-76.6005,26.4,72,83,0.81,EC,1675898436
577,imbituba,-28.4207,-45.759,24.64,70,0,7.98,Unknown,1675898436
578,camanci,11.7479,122.4069,24.56,79,100,6.5,PH,1675898437
579,jinka,4.3388,36.6603,27.95,27,19,3.5,ET,1675898437
580,mackay,-17.5896,154.6016,26.99,92,100,26.57,Unknown,1675898438
581,ola,55.0764,151.2693,-6.83,81,100,13.42,Unknown,1675898438
582,rio grande,-35.4888,-48.2902,22.56,83,65,7.5,Unknown,1675898438
583,ca mau,7.8568,105.3555,25.33,89,6,5.72,VN,1675898439
584,khvorostyanka,52.4419,48.9488,-11.18,92,98,3.33,RU,1675898439
585,los llanos de aridane,29.2579,-22.6911,17.62,62,100,7.45,Unknown,1675898439
586,tasbuget,45.6168,65.6937,-7.67,91,100,7.38,KZ,1675898440
587,richards bay,-31.7147,39.3652,24.22,93,19,4.65,Unknown,1675898440
588,san vicente,19.5093,124.7069,23.77,77,100,8.51,Unknown,1675898440
589,la romana,16.3086,-69.0307,25.69,81,0,10.61,Unknown,1675898441
590,markova,58.725,107.0502,-13.53,97,100,1.55,RU,1675898441
591,nouakchott,19.26,-16.8848,18.9,76,99,4.34,Unknown,1675898442
592,raigarh,21.8622,83.6297,14.37,38,9,1.38,IN,1675898442
593,cururupu,2.0592,-43.289,26.28,83,97,7.46,Unknown,1675898442
594,pingliang,35.1437,107.1349,-2.46,93,95,2.25,CN,1675898443
595,imeni babushkina,59.4622,43.7259,-15.83,100,90,1.65,RU,1675898443
596,tamparan,7.8012,124.3418,19.6,94,100,1.17,PH,1675898443
597,daru,-11.6261,144.8499,28.15,80,100,7.29,Unknown,1675898444
598,mopipi,-22.4148,24.8404,21.56,76,100,1.87,BW,1675898444
599,sorland,71.6404,5.5097,-0.76,53,100,13.41,Unknown,1675898444
600,somerset,41.7553,-71.0751,6.79,60,0,1.54,US,1675898445
601,lethem,3.3578,-59.7342,27.33,64,80,3.43,GY,1675898445
602,vereshchagino,58.0785,54.7485,-11.88,99,95,1.9,RU,1675898445
603,ngunguru,-30.8324,178.8339,22.06,76,8,1.01,Unknown,1675898446
604,plettenberg bay,-43.7907,23.5963,13.56,73,70,9.24,Unknown,1675898446
605,san borja,-14.7272,-65.9703,22.41,99,100,0.76,BO,1675898446
606,westport,-39.5004,168.4531,17.44,59,97,7.82,Unknown,1675898447
607,dolores,-36.0784,-58.2254,25.91,59,4,7.39,AR,1675898447
608,tokur,54.1862,132.7037,-39.35,97,31,1.0,RU,1675898447
